Date,Open,High,Low,Close,Volume,Dividends,Stock Splits
2021-02-01 00:00:00+07:00,123.5677490234375,123.5677490234375,123.5677490234375,123.5677490234375,85266,0.0,0.0
2021-02-02 00:00:00+07:00,166.23861694335938,166.23861694335938,166.23861694335938,166.23861694335938,95615,0.0,0.0
2021-02-03 00:00:00+07:00,224.02210998535156,224.02210998535156,224.02210998535156,224.02210998535156,184819,0.0,0.0
2021-02-04 00:00:00+07:00,279.1386413574219,279.1386413574219,279.1386413574219,279.1386413574219,1012175,0.0,0.0
2021-02-05 00:00:00+07:00,348.47882080078125,348.47882080078125,348.47882080078125,348.47882080078125,7143270,0.0,0.0
2021-02-08 00:00:00+07:00,435.5985412597656,435.5985412597656,435.5985412597656,435.5985412597656,1594530,0.0,0.0
2021-02-09 00:00:00+07:00,542.2756958007812,542.2756958007812,520.0513305664062,524.4962158203125,83243698,0.0,0.0
2021-02-10 00:00:00+07:00,542.2756958007812,653.3978271484375,524.4962158203125,644.508056640625,153523388,0.0,0.0
2021-02-11 00:00:00+07:00,644.508056640625,644.508056640625,644.508056640625,644.508056640625,0,0.0,0.0
2021-02-15 00:00:00+07:00,648.9529418945312,804.5238037109375,648.9529418945312,804.5238037109375,73387983,0.0,0.0
2021-02-16 00:00:00+07:00,871.1970825195312,1004.5435791015625,871.1970825195312,995.65380859375,87281374,0.0,0.0
2021-02-17 00:00:00+07:00,995.65380859375,995.65380859375,995.65380859375,995.65380859375,0,0.0,0.0
2021-02-18 00:00:00+07:00,995.65380859375,995.65380859375,995.65380859375,995.65380859375,0,0.0,0.0
2021-02-19 00:00:00+07:00,1013.433349609375,1097.8861083984375,928.9805297851562,1008.9884643554688,381237368,0.0,0.0
2021-02-22 00:00:00+07:00,1008.9884643554688,1133.4451904296875,977.874267578125,1075.6617431640625,208765449,0.0,0.0
2021-02-23 00:00:00+07:00,1084.551513671875,1342.3546142578125,1071.216796875,1306.795654296875,306153839,0.0,0.0
2021-02-24 00:00:00+07:00,1324.5751953125,1631.2720947265625,1311.240478515625,1586.8232421875,249484519,0.0,0.0
2021-02-25 00:00:00+07:00,1644.606689453125,1955.74853515625,1644.606689453125,1946.8587646484375,192118779,0.0,0.0
2021-02-26 00:00:00+07:00,1955.74853515625,2293.5595703125,1813.51220703125,1813.51220703125,117921326,0.0,0.0
2021-03-01 00:00:00+07:00,1755.728759765625,1822.4019775390625,1689.0555419921875,1689.0555419921875,26261546,0.0,0.0
2021-03-02 00:00:00+07:00,1573.488525390625,2009.087158203125,1573.488525390625,1973.528076171875,501355265,0.0,0.0
2021-03-03 00:00:00+07:00,2044.646240234375,2142.43359375,1840.1815185546875,1866.850830078125,176078312,0.0,0.0
2021-03-04 00:00:00+07:00,1866.850830078125,1964.6383056640625,1769.0634765625,1795.7327880859375,67858029,0.0,0.0
2021-03-05 00:00:00+07:00,1795.7327880859375,1902.409912109375,1724.6146240234375,1755.728759765625,45907957,0.0,0.0
2021-03-08 00:00:00+07:00,1777.9532470703125,1813.51220703125,1675.720947265625,1755.728759765625,45431791,0.0,0.0
2021-03-09 00:00:00+07:00,1755.728759765625,2017.9769287109375,1751.283935546875,2017.9769287109375,190152248,0.0,0.0
2021-03-10 00:00:00+07:00,2044.646240234375,2044.646240234375,1911.2996826171875,1991.3076171875,87375078,0.0,0.0
2021-03-12 00:00:00+07:00,1982.4178466796875,2195.772216796875,1982.4178466796875,2177.99267578125,83362824,0.0,0.0
2021-03-15 00:00:00+07:00,2177.99267578125,2355.7880859375,2177.99267578125,2355.7880859375,82873159,0.0,0.0
2021-03-16 00:00:00+07:00,2355.7880859375,2355.7880859375,2355.7880859375,2355.7880859375,0,0.0,0.0
2021-03-17 00:00:00+07:00,2355.7880859375,2355.7880859375,2355.7880859375,2355.7880859375,0,0.0,0.0
2021-03-18 00:00:00+07:00,2355.7880859375,2355.7880859375,2355.7880859375,2355.7880859375,0,0.0,0.0
2021-03-19 00:00:00+07:00,2355.7880859375,2355.7880859375,2355.7880859375,2355.7880859375,0,0.0,0.0
2021-03-22 00:00:00+07:00,2355.7880859375,2355.7880859375,2355.7880859375,2355.7880859375,0,0.0,0.0
2021-03-23 00:00:00+07:00,2355.7880859375,2355.7880859375,2355.7880859375,2355.7880859375,0,0.0,0.0
2021-03-24 00:00:00+07:00,2355.7880859375,2355.7880859375,2355.7880859375,2355.7880859375,0,0.0,0.0
2021-03-25 00:00:00+07:00,2355.7880859375,2355.7880859375,2355.7880859375,2355.7880859375,0,0.0,0.0
2021-03-26 00:00:00+07:00,2355.7880859375,2355.7880859375,2355.7880859375,2355.7880859375,0,0.0,0.0
2021-03-29 00:00:00+07:00,2355.7880859375,2355.7880859375,2355.7880859375,2355.7880859375,0,0.0,0.0
2021-03-30 00:00:00+07:00,2355.7880859375,2355.7880859375,2355.7880859375,2355.7880859375,0,0.0,0.0
2021-03-31 00:00:00+07:00,2355.7880859375,2355.7880859375,2355.7880859375,2355.7880859375,0,0.0,0.0
2021-04-01 00:00:00+07:00,2355.7880859375,2355.7880859375,2355.7880859375,2355.7880859375,0,0.0,0.0
2021-04-05 00:00:00+07:00,2355.7880859375,2355.7880859375,2355.7880859375,2355.7880859375,0,0.0,0.0
2021-04-06 00:00:00+07:00,2311.339111328125,2418.016357421875,2195.772216796875,2320.22900390625,93673444,0.0,0.0
2021-04-07 00:00:00+07:00,2355.7880859375,2489.134521484375,2320.22900390625,2400.23681640625,64476950,0.0,0.0
2021-04-08 00:00:00+07:00,2400.23681640625,2489.134521484375,2400.23681640625,2418.016357421875,27900959,0.0,0.0
2021-04-09 00:00:00+07:00,2444.685546875,2729.158203125,2426.906005859375,2569.142333984375,121937630,0.0,0.0
2021-04-12 00:00:00+07:00,2649.150390625,2764.71728515625,2586.921875,2720.268310546875,73400694,0.0,0.0
2021-04-13 00:00:00+07:00,2755.827392578125,3013.630615234375,2746.937744140625,2995.85107421875,101741148,0.0,0.0
2021-04-14 00:00:00+07:00,3084.748779296875,3467.0087890625,3040.300048828125,3200.315673828125,144839582,0.0,0.0
2021-04-15 00:00:00+07:00,3244.7646484375,3422.559814453125,2978.071533203125,3387.000732421875,114433158,0.0,0.0
2021-04-16 00:00:00+07:00,3422.559814453125,3467.0087890625,3298.103271484375,3369.221435546875,43582474,0.0,0.0
2021-04-19 00:00:00+07:00,3378.111083984375,3387.000732421875,3164.756591796875,3200.315673828125,39771912,0.0,0.0
2021-04-20 00:00:00+07:00,3200.315673828125,3289.21337890625,3031.41015625,3155.866943359375,34227335,0.0,0.0
2021-04-21 00:00:00+07:00,3093.638671875,3289.21337890625,3084.748779296875,3289.21337890625,39511276,0.0,0.0
2021-04-22 00:00:00+07:00,3378.111083984375,3404.7802734375,3262.544189453125,3315.8828125,32827298,0.0,0.0
2021-04-23 00:00:00+07:00,3306.992919921875,3315.8828125,3209.20556640625,3209.20556640625,9968541,0.0,0.0
2021-04-26 00:00:00+07:00,3200.315673828125,3262.544189453125,3004.740966796875,3040.300048828125,24853297,0.0,0.0
2021-04-27 00:00:00+07:00,3040.300048828125,3040.300048828125,2906.953369140625,2942.512451171875,29733740,0.0,0.0
2021-04-28 00:00:00+07:00,2924.73291015625,3155.866943359375,2809.166015625,3155.866943359375,58137863,0.0,0.0
2021-04-29 00:00:00+07:00,3191.426025390625,3387.000732421875,3164.756591796875,3262.544189453125,69753691,0.0,0.0
2021-04-30 00:00:00+07:00,3155.866943359375,3191.426025390625,3040.300048828125,3040.300048828125,19396011,0.0,0.0
2021-05-03 00:00:00+07:00,2835.83544921875,3111.418212890625,2835.83544921875,3075.859130859375,97545199,0.0,0.0
2021-05-04 00:00:00+07:00,3084.748779296875,3084.748779296875,2960.2919921875,2960.2919921875,29722604,0.0,0.0
2021-05-05 00:00:00+07:00,2960.2919921875,3031.41015625,2933.622802734375,2969.181884765625,27563492,0.0,0.0
2021-05-06 00:00:00+07:00,2969.181884765625,3013.630615234375,2924.73291015625,2986.96142578125,36017820,0.0,0.0
2021-05-07 00:00:00+07:00,2995.85107421875,3031.41015625,2986.96142578125,2995.85107421875,37082865,0.0,0.0
2021-05-10 00:00:00+07:00,2995.85107421875,3013.630615234375,2960.2919921875,2969.181884765625,30456819,0.0,0.0
2021-05-11 00:00:00+07:00,2969.181884765625,2978.071533203125,2906.953369140625,2915.84326171875,30010126,0.0,0.0
2021-05-17 00:00:00+07:00,2915.84326171875,2933.622802734375,2720.268310546875,2755.827392578125,29921597,0.0,0.0
2021-05-18 00:00:00+07:00,2773.60693359375,2853.614990234375,2586.921875,2853.614990234375,39171447,0.0,0.0
2021-05-19 00:00:00+07:00,2853.614990234375,2853.614990234375,2746.937744140625,2755.827392578125,33973222,0.0,0.0
2021-05-20 00:00:00+07:00,2738.0478515625,2809.166015625,2729.158203125,2755.827392578125,49005901,0.0,0.0
2021-05-21 00:00:00+07:00,2755.827392578125,2809.166015625,2755.827392578125,2755.827392578125,36500960,0.0,0.0
2021-05-24 00:00:00+07:00,2755.827392578125,2880.2841796875,2755.827392578125,2853.614990234375,52423877,0.0,0.0
2021-05-25 00:00:00+07:00,2862.504638671875,2942.512451171875,2844.72509765625,2880.2841796875,48658648,0.0,0.0
2021-05-27 00:00:00+07:00,2889.174072265625,2942.512451171875,2871.39453125,2915.84326171875,47794508,0.0,0.0
2021-05-28 00:00:00+07:00,2915.84326171875,2933.622802734375,2862.504638671875,2862.504638671875,36938655,0.0,0.0
2021-05-31 00:00:00+07:00,2862.504638671875,2871.39453125,2818.055908203125,2826.945556640625,33702461,0.0,0.0
2021-06-02 00:00:00+07:00,2889.174072265625,2889.174072265625,2791.386474609375,2800.2763671875,62498945,0.0,0.0
2021-06-03 00:00:00+07:00,2809.166015625,2826.945556640625,2764.71728515625,2773.60693359375,23228507,0.0,0.0
2021-06-04 00:00:00+07:00,2782.496826171875,2800.2763671875,2666.9296875,2702.48876953125,39560096,0.0,0.0
2021-06-07 00:00:00+07:00,2711.378662109375,2791.386474609375,2631.370849609375,2791.386474609375,53195438,0.0,0.0
2021-06-08 00:00:00+07:00,2818.055908203125,2844.72509765625,2631.370849609375,2631.370849609375,59772551,0.0,0.0
2021-06-09 00:00:00+07:00,2631.370849609375,2640.260498046875,2498.024169921875,2578.0322265625,98794163,0.0,0.0
2021-06-10 00:00:00+07:00,2586.921875,2711.378662109375,2578.0322265625,2640.260498046875,96945071,0.0,0.0
2021-06-11 00:00:00+07:00,2649.150390625,2675.819580078125,2604.701416015625,2675.819580078125,37166220,0.0,0.0
2021-06-14 00:00:00+07:00,2675.819580078125,2684.709228515625,2604.701416015625,2604.701416015625,28704130,0.0,0.0
2021-06-15 00:00:00+07:00,2604.701416015625,2702.48876953125,2595.811767578125,2658.0400390625,61406790,0.0,0.0
2021-06-16 00:00:00+07:00,2658.0400390625,2666.9296875,2595.811767578125,2640.260498046875,42530365,0.0,0.0
2021-06-17 00:00:00+07:00,2640.260498046875,2738.0478515625,2604.701416015625,2684.709228515625,76246326,0.0,0.0
2021-06-18 00:00:00+07:00,2693.59912109375,2738.0478515625,2622.48095703125,2649.150390625,54941603,0.0,0.0
2021-06-21 00:00:00+07:00,2631.370849609375,2666.9296875,2515.8037109375,2631.370849609375,48320056,0.0,0.0
2021-06-22 00:00:00+07:00,2640.260498046875,2960.2919921875,2586.921875,2906.953369140625,126804237,0.0,0.0
2021-06-23 00:00:00+07:00,2915.84326171875,3129.19775390625,2862.504638671875,3066.96923828125,117201734,0.0,0.0
2021-06-24 00:00:00+07:00,3075.859130859375,3102.5283203125,2933.622802734375,2942.512451171875,42265904,0.0,0.0
2021-06-25 00:00:00+07:00,2942.512451171875,2978.071533203125,2889.174072265625,2889.174072265625,38998776,0.0,0.0
2021-06-28 00:00:00+07:00,2898.063720703125,2942.512451171875,2800.2763671875,2800.2763671875,43143655,0.0,0.0
2021-06-29 00:00:00+07:00,2809.166015625,2853.614990234375,2675.819580078125,2729.158203125,60101694,0.0,0.0
2021-06-30 00:00:00+07:00,2729.158203125,2978.071533203125,2720.268310546875,2853.614990234375,77698445,0.0,0.0
2021-07-01 00:00:00+07:00,2862.504638671875,2880.2841796875,2729.158203125,2809.166015625,53287454,0.0,0.0
2021-07-02 00:00:00+07:00,2818.055908203125,2844.72509765625,2800.2763671875,2844.72509765625,33831599,0.0,0.0
2021-07-05 00:00:00+07:00,2853.614990234375,3075.859130859375,2818.055908203125,3040.300048828125,99741657,0.0,0.0
2021-07-06 00:00:00+07:00,3049.189697265625,3289.21337890625,3049.189697265625,3244.7646484375,91278217,0.0,0.0
2021-07-07 00:00:00+07:00,3289.21337890625,3306.992919921875,3075.859130859375,3146.97705078125,106871879,0.0,0.0
2021-07-08 00:00:00+07:00,3146.97705078125,3200.315673828125,3084.748779296875,3111.418212890625,52267629,0.0,0.0
2021-07-09 00:00:00+07:00,3120.307861328125,3155.866943359375,3084.748779296875,3093.638671875,42193461,0.0,0.0
2021-07-12 00:00:00+07:00,3102.5283203125,3173.646484375,3084.748779296875,3111.418212890625,39506889,0.0,0.0
2021-07-13 00:00:00+07:00,3120.307861328125,3129.19775390625,2924.73291015625,2933.622802734375,59785825,0.0,0.0
2021-07-14 00:00:00+07:00,2942.512451171875,2995.85107421875,2800.2763671875,2933.622802734375,110821027,0.0,0.0
2021-07-15 00:00:00+07:00,2933.622802734375,2986.96142578125,2924.73291015625,2933.622802734375,32564861,0.0,0.0
2021-07-16 00:00:00+07:00,2933.622802734375,2942.512451171875,2889.174072265625,2889.174072265625,27997924,0.0,0.0
2021-07-19 00:00:00+07:00,2889.174072265625,2898.063720703125,2773.60693359375,2844.72509765625,32697486,0.0,0.0
2021-07-21 00:00:00+07:00,2844.72509765625,2960.2919921875,2835.83544921875,2862.504638671875,50807748,0.0,0.0
2021-07-22 00:00:00+07:00,2871.39453125,2915.84326171875,2844.72509765625,2871.39453125,30567396,0.0,0.0
2021-07-23 00:00:00+07:00,2871.39453125,2898.063720703125,2853.614990234375,2853.614990234375,21641402,0.0,0.0
2021-07-26 00:00:00+07:00,2862.504638671875,2898.063720703125,2844.72509765625,2898.063720703125,24835186,0.0,0.0
2021-07-27 00:00:00+07:00,2906.953369140625,2960.2919921875,2862.504638671875,2915.84326171875,36981063,0.0,0.0
2021-07-28 00:00:00+07:00,2915.84326171875,3049.189697265625,2906.953369140625,2995.85107421875,62267668,0.0,0.0
2021-07-29 00:00:00+07:00,3004.740966796875,3093.638671875,2995.85107421875,3066.96923828125,64477737,0.0,0.0
2021-07-30 00:00:00+07:00,3075.859130859375,3129.19775390625,2960.2919921875,2986.96142578125,44680028,0.0,0.0
2021-08-02 00:00:00+07:00,2995.85107421875,3058.07958984375,2933.622802734375,3049.189697265625,45087800,0.0,0.0
2021-08-03 00:00:00+07:00,3049.189697265625,3084.748779296875,3013.630615234375,3013.630615234375,30429372,0.0,0.0
2021-08-04 00:00:00+07:00,3004.740966796875,3022.5205078125,2942.512451171875,2978.071533203125,33142604,0.0,0.0
2021-08-05 00:00:00+07:00,2986.96142578125,3155.866943359375,2951.40234375,2978.071533203125,98739381,0.0,0.0
2021-08-06 00:00:00+07:00,2986.96142578125,3164.756591796875,2933.622802734375,3155.866943359375,69594970,0.0,0.0
2021-08-09 00:00:00+07:00,3200.315673828125,3538.126953125,3164.756591796875,3413.670166015625,158393932,0.0,0.0
2021-08-10 00:00:00+07:00,3413.670166015625,3538.126953125,3182.5361328125,3387.000732421875,105826407,0.0,0.0
2021-08-12 00:00:00+07:00,3395.890625,3413.670166015625,3289.21337890625,3289.21337890625,53671153,0.0,0.0
2021-08-13 00:00:00+07:00,3298.103271484375,3315.8828125,3226.985107421875,3244.7646484375,46542394,0.0,0.0
2021-08-16 00:00:00+07:00,3262.544189453125,3413.670166015625,3244.7646484375,3315.8828125,95999489,0.0,0.0
2021-08-18 00:00:00+07:00,3315.8828125,3351.44189453125,3084.748779296875,3333.662353515625,96553047,0.0,0.0
2021-08-19 00:00:00+07:00,3342.552001953125,3511.45751953125,3191.426025390625,3289.21337890625,145114505,0.0,0.0
2021-08-20 00:00:00+07:00,3289.21337890625,3342.552001953125,3235.874755859375,3306.992919921875,47574817,0.0,0.0
2021-08-23 00:00:00+07:00,3306.992919921875,3324.7724609375,3253.654296875,3271.433837890625,26813979,0.0,0.0
2021-08-24 00:00:00+07:00,3271.433837890625,3280.32373046875,3173.646484375,3209.20556640625,25084012,0.0,0.0
2021-08-25 00:00:00+07:00,3209.20556640625,3324.7724609375,3182.5361328125,3191.426025390625,34459512,0.0,0.0
2021-08-26 00:00:00+07:00,3200.315673828125,3209.20556640625,3066.96923828125,3066.96923828125,38041833,0.0,0.0
2021-08-27 00:00:00+07:00,3066.96923828125,3066.96923828125,2942.512451171875,2951.40234375,44674854,0.0,0.0
2021-08-30 00:00:00+07:00,2960.2919921875,3022.5205078125,2951.40234375,3013.630615234375,28860152,0.0,0.0
2021-08-31 00:00:00+07:00,3013.630615234375,3022.5205078125,2978.071533203125,2978.071533203125,23652253,0.0,0.0
2021-09-01 00:00:00+07:00,2978.071533203125,2986.96142578125,2773.60693359375,2862.504638671875,45054729,0.0,0.0
2021-09-02 00:00:00+07:00,2898.063720703125,2898.063720703125,2746.937744140625,2764.71728515625,40196783,0.0,0.0
2021-09-03 00:00:00+07:00,2764.71728515625,2871.39453125,2675.819580078125,2871.39453125,56092027,0.0,0.0
2021-09-06 00:00:00+07:00,2889.174072265625,2889.174072265625,2773.60693359375,2773.60693359375,25878746,0.0,0.0
2021-09-07 00:00:00+07:00,2773.60693359375,2782.496826171875,2729.158203125,2782.496826171875,19885900,0.0,0.0
2021-09-08 00:00:00+07:00,2782.496826171875,2782.496826171875,2702.48876953125,2720.268310546875,29554883,0.0,0.0
2021-09-09 00:00:00+07:00,2720.268310546875,2764.71728515625,2631.370849609375,2746.937744140625,65065942,0.0,0.0
2021-09-10 00:00:00+07:00,2746.937744140625,2835.83544921875,2729.158203125,2791.386474609375,54992448,0.0,0.0
2021-09-13 00:00:00+07:00,2800.2763671875,2826.945556640625,2755.827392578125,2826.945556640625,20787048,0.0,0.0
2021-09-14 00:00:00+07:00,2826.945556640625,2853.614990234375,2764.71728515625,2844.72509765625,35742673,0.0,0.0
2021-09-15 00:00:00+07:00,2835.83544921875,2844.72509765625,2791.386474609375,2809.166015625,14322874,0.0,0.0
2021-09-16 00:00:00+07:00,2809.166015625,2906.953369140625,2746.937744140625,2889.174072265625,35470899,0.0,0.0
2021-09-17 00:00:00+07:00,2898.063720703125,2924.73291015625,2844.72509765625,2862.504638671875,25010894,0.0,0.0
2021-09-20 00:00:00+07:00,2862.504638671875,2871.39453125,2773.60693359375,2773.60693359375,12903601,0.0,0.0
2021-09-21 00:00:00+07:00,2773.60693359375,2791.386474609375,2729.158203125,2746.937744140625,18386648,0.0,0.0
2021-09-22 00:00:00+07:00,2746.937744140625,2791.386474609375,2729.158203125,2738.0478515625,24876020,0.0,0.0
2021-09-23 00:00:00+07:00,2746.937744140625,2835.83544921875,2738.0478515625,2782.496826171875,39238715,0.0,0.0
2021-09-24 00:00:00+07:00,2800.2763671875,2800.2763671875,2746.937744140625,2746.937744140625,22776639,0.0,0.0
2021-09-27 00:00:00+07:00,2746.937744140625,2764.71728515625,2720.268310546875,2729.158203125,25392681,0.0,0.0
2021-09-28 00:00:00+07:00,2729.158203125,2755.827392578125,2586.921875,2666.9296875,32074185,0.0,0.0
2021-09-29 00:00:00+07:00,2666.9296875,2684.709228515625,2578.0322265625,2613.59130859375,28245287,0.0,0.0
2021-09-30 00:00:00+07:00,2613.59130859375,2666.9296875,2586.921875,2622.48095703125,27147396,0.0,0.0
2021-10-01 00:00:00+07:00,2622.48095703125,2755.827392578125,2604.701416015625,2622.48095703125,40793312,0.0,0.0
2021-10-04 00:00:00+07:00,2604.701416015625,2640.260498046875,2533.583251953125,2560.252685546875,35826589,0.0,0.0
2021-10-05 00:00:00+07:00,2551.36279296875,2578.0322265625,2382.457275390625,2435.7958984375,42800451,0.0,0.0
2021-10-06 00:00:00+07:00,2435.7958984375,2533.583251953125,2373.567626953125,2480.24462890625,41811336,0.0,0.0
2021-10-07 00:00:00+07:00,2471.35498046875,2515.8037109375,2471.35498046875,2480.24462890625,16438115,0.0,0.0
2021-10-08 00:00:00+07:00,2480.24462890625,2489.134521484375,2426.906005859375,2471.35498046875,20118977,0.0,0.0
2021-10-11 00:00:00+07:00,2462.465087890625,2489.134521484375,2302.449462890625,2338.008544921875,34277617,0.0,0.0
2021-10-12 00:00:00+07:00,2311.339111328125,2364.677734375,2186.88232421875,2311.339111328125,35023531,0.0,0.0
2021-10-13 00:00:00+07:00,2240.220947265625,2320.22900390625,2151.323486328125,2151.323486328125,45588488,0.0,0.0
2021-10-14 00:00:00+07:00,2177.99267578125,2177.99267578125,2026.86669921875,2071.3154296875,23115569,0.0,0.0
2021-10-15 00:00:00+07:00,2071.3154296875,2133.5439453125,2026.86669921875,2097.98486328125,24439113,0.0,0.0
2021-10-18 00:00:00+07:00,2089.094970703125,2151.323486328125,2062.42578125,2106.87451171875,14133217,0.0,0.0
2021-10-19 00:00:00+07:00,2115.764404296875,2151.323486328125,2044.646240234375,2089.094970703125,7895145,0.0,0.0
2021-10-21 00:00:00+07:00,2097.98486328125,2106.87451171875,1955.74853515625,2000.1973876953125,18978564,0.0,0.0
2021-10-22 00:00:00+07:00,2009.087158203125,2097.98486328125,2000.1973876953125,2053.535888671875,19667559,0.0,0.0
2021-10-25 00:00:00+07:00,2053.535888671875,2275.780029296875,2053.535888671875,2266.890380859375,52933114,0.0,0.0
2021-10-26 00:00:00+07:00,2266.890380859375,2293.5595703125,2186.88232421875,2195.772216796875,30020587,0.0,0.0
2021-10-27 00:00:00+07:00,2204.661865234375,2231.331298828125,2151.323486328125,2195.772216796875,22145352,0.0,0.0
2021-10-28 00:00:00+07:00,2195.772216796875,2222.44140625,2160.213134765625,2213.5517578125,13591246,0.0,0.0
2021-10-29 00:00:00+07:00,2213.5517578125,2266.890380859375,2186.88232421875,2222.44140625,21494716,0.0,0.0
2021-11-01 00:00:00+07:00,2222.44140625,2231.331298828125,2177.99267578125,2177.99267578125,18423544,0.0,0.0
2021-11-02 00:00:00+07:00,2177.99267578125,2231.331298828125,2026.86669921875,2204.661865234375,32443936,0.0,0.0
2021-11-03 00:00:00+07:00,2204.661865234375,2231.331298828125,2160.213134765625,2177.99267578125,19119175,0.0,0.0
2021-11-04 00:00:00+07:00,2177.99267578125,2240.220947265625,2115.764404296875,2169.10302734375,20427646,0.0,0.0
2021-11-05 00:00:00+07:00,2169.10302734375,2177.99267578125,2151.323486328125,2160.213134765625,17293706,0.0,0.0
2021-11-08 00:00:00+07:00,2169.10302734375,2311.339111328125,2151.323486328125,2249.11083984375,18165719,0.0,0.0
2021-11-09 00:00:00+07:00,2266.890380859375,2284.669921875,2186.88232421875,2204.661865234375,19855303,0.0,0.0
2021-11-10 00:00:00+07:00,2195.772216796875,2204.661865234375,2142.43359375,2142.43359375,14009142,0.0,0.0
2021-11-11 00:00:00+07:00,2142.43359375,2195.772216796875,2089.094970703125,2177.99267578125,23863957,0.0,0.0
2021-11-12 00:00:00+07:00,2195.772216796875,2471.35498046875,2177.99267578125,2418.016357421875,67384113,0.0,0.0
2021-11-15 00:00:00+07:00,2426.906005859375,2533.583251953125,2346.898193359375,2462.465087890625,59830146,0.0,0.0
2021-11-16 00:00:00+07:00,2462.465087890625,2515.8037109375,2444.685546875,2462.465087890625,39357616,0.0,0.0
2021-11-17 00:00:00+07:00,2462.465087890625,2515.8037109375,2453.575439453125,2471.35498046875,29056107,0.0,0.0
2021-11-18 00:00:00+07:00,2489.134521484375,2489.134521484375,2302.449462890625,2329.11865234375,44348973,0.0,0.0
2021-11-19 00:00:00+07:00,2329.11865234375,2373.567626953125,2284.669921875,2284.669921875,33242044,0.0,0.0
2021-11-22 00:00:00+07:00,2284.669921875,2444.685546875,2284.669921875,2435.7958984375,42855683,0.0,0.0
2021-11-23 00:00:00+07:00,2444.685546875,2444.685546875,2364.677734375,2373.567626953125,31193846,0.0,0.0
2021-11-24 00:00:00+07:00,2373.567626953125,2435.7958984375,2346.898193359375,2391.34716796875,36518958,0.0,0.0
2021-11-25 00:00:00+07:00,2391.34716796875,2480.24462890625,2382.457275390625,2453.575439453125,54269032,0.0,0.0
2021-11-26 00:00:00+07:00,2462.465087890625,2480.24462890625,2320.22900390625,2338.008544921875,43288315,0.0,0.0
2021-11-29 00:00:00+07:00,2329.11865234375,2435.7958984375,2311.339111328125,2426.906005859375,58161935,0.0,0.0
2021-11-30 00:00:00+07:00,2435.7958984375,2578.0322265625,2418.016357421875,2489.134521484375,220166424,0.0,0.0
2021-12-01 00:00:00+07:00,2489.134521484375,2524.693603515625,2320.22900390625,2320.22900390625,41150126,0.0,0.0
2021-12-02 00:00:00+07:00,2329.11865234375,2382.457275390625,2284.669921875,2338.008544921875,29348803,0.0,0.0
2021-12-03 00:00:00+07:00,2338.008544921875,2364.677734375,2186.88232421875,2204.661865234375,32277002,0.0,0.0
2021-12-06 00:00:00+07:00,2204.661865234375,2240.220947265625,2133.5439453125,2151.323486328125,40691284,0.0,0.0
2021-12-07 00:00:00+07:00,2160.213134765625,2284.669921875,2151.323486328125,2284.669921875,53498370,0.0,0.0
2021-12-08 00:00:00+07:00,2293.5595703125,2311.339111328125,2195.772216796875,2204.661865234375,27900959,0.0,0.0
2021-12-09 00:00:00+07:00,2213.5517578125,2240.220947265625,2195.772216796875,2213.5517578125,21832858,0.0,0.0
2021-12-10 00:00:00+07:00,2213.5517578125,2213.5517578125,2151.323486328125,2169.10302734375,28708404,0.0,0.0
2021-12-13 00:00:00+07:00,2177.99267578125,2222.44140625,2177.99267578125,2177.99267578125,26728262,0.0,0.0
2021-12-14 00:00:00+07:00,2177.99267578125,2195.772216796875,2133.5439453125,2151.323486328125,15599510,0.0,0.0
2021-12-15 00:00:00+07:00,2133.5439453125,2231.331298828125,2133.5439453125,2169.10302734375,27593752,0.0,0.0
2021-12-16 00:00:00+07:00,2177.99267578125,2186.88232421875,2097.98486328125,2133.5439453125,31452233,0.0,0.0
2021-12-17 00:00:00+07:00,2133.5439453125,2213.5517578125,2115.764404296875,2213.5517578125,30160523,0.0,0.0
2021-12-20 00:00:00+07:00,2213.5517578125,2222.44140625,2142.43359375,2204.661865234375,21939835,0.0,0.0
2021-12-21 00:00:00+07:00,2204.661865234375,2222.44140625,2169.10302734375,2195.772216796875,27194866,0.0,0.0
2021-12-22 00:00:00+07:00,2195.772216796875,2275.780029296875,2169.10302734375,2204.661865234375,32693773,0.0,0.0
2021-12-23 00:00:00+07:00,2204.661865234375,2213.5517578125,2133.5439453125,2142.43359375,23495331,0.0,0.0
2021-12-24 00:00:00+07:00,2186.88232421875,2186.88232421875,2133.5439453125,2133.5439453125,17824316,0.0,0.0
2021-12-27 00:00:00+07:00,2142.43359375,2169.10302734375,2097.98486328125,2133.5439453125,16128321,0.0,0.0
2021-12-28 00:00:00+07:00,2142.43359375,2142.43359375,2106.87451171875,2115.764404296875,40134014,0.0,0.0
2021-12-29 00:00:00+07:00,2115.764404296875,2133.5439453125,2009.087158203125,2089.094970703125,15775218,0.0,0.0
2021-12-30 00:00:00+07:00,2089.094970703125,2106.87451171875,2009.087158203125,2035.7564697265625,14169101,0.0,0.0
2022-01-03 00:00:00+07:00,2053.535888671875,2115.764404296875,2044.646240234375,2097.98486328125,27583403,0.0,0.0
2022-01-04 00:00:00+07:00,2106.87451171875,2258.00048828125,2097.98486328125,2240.220947265625,40473281,0.0,0.0
2022-01-05 00:00:00+07:00,2258.00048828125,2284.669921875,2195.772216796875,2204.661865234375,49590506,0.0,0.0
2022-01-06 00:00:00+07:00,2195.772216796875,2195.772216796875,2133.5439453125,2133.5439453125,18801282,0.0,0.0
2022-01-07 00:00:00+07:00,2133.5439453125,2133.5439453125,2053.535888671875,2062.42578125,30484604,0.0,0.0
2022-01-10 00:00:00+07:00,2062.42578125,2115.764404296875,2035.7564697265625,2071.3154296875,35873160,0.0,0.0
2022-01-11 00:00:00+07:00,2071.3154296875,2071.3154296875,1929.0792236328125,2017.9769287109375,26626235,0.0,0.0
2022-01-12 00:00:00+07:00,2000.1973876953125,2026.86669921875,1893.5201416015625,1902.409912109375,33959836,0.0,0.0
2022-01-13 00:00:00+07:00,1902.409912109375,1911.2996826171875,1804.62255859375,1840.1815185546875,14129955,0.0,0.0
2022-01-14 00:00:00+07:00,1849.0712890625,1893.5201416015625,1840.1815185546875,1857.9610595703125,21722956,0.0,0.0
2022-01-17 00:00:00+07:00,1849.0712890625,1884.63037109375,1813.51220703125,1866.850830078125,29038447,0.0,0.0
2022-01-18 00:00:00+07:00,1866.850830078125,1955.74853515625,1866.850830078125,1955.74853515625,31747292,0.0,0.0
2022-01-19 00:00:00+07:00,1955.74853515625,2000.1973876953125,1946.8587646484375,1973.528076171875,20509201,0.0,0.0
2022-01-20 00:00:00+07:00,1973.528076171875,2017.9769287109375,1955.74853515625,1982.4178466796875,24444175,0.0,0.0
2022-01-21 00:00:00+07:00,1991.3076171875,2080.205322265625,1991.3076171875,2053.535888671875,34907217,0.0,0.0
2022-01-24 00:00:00+07:00,2053.535888671875,2071.3154296875,1929.0792236328125,1964.6383056640625,18636710,0.0,0.0
2022-01-25 00:00:00+07:00,1973.528076171875,2062.42578125,1964.6383056640625,1964.6383056640625,33719897,0.0,0.0
2022-01-26 00:00:00+07:00,1964.6383056640625,1982.4178466796875,1937.968994140625,1973.528076171875,16973562,0.0,0.0
2022-01-27 00:00:00+07:00,1973.528076171875,2000.1973876953125,1937.968994140625,1946.8587646484375,20046534,0.0,0.0
2022-01-28 00:00:00+07:00,1946.8587646484375,1964.6383056640625,1920.189453125,1937.968994140625,14740770,0.0,0.0
2022-01-31 00:00:00+07:00,1946.8587646484375,2000.1973876953125,1946.8587646484375,1964.6383056640625,26028356,0.0,0.0
2022-02-02 00:00:00+07:00,1982.4178466796875,2089.094970703125,1973.528076171875,2089.094970703125,36182279,0.0,0.0
2022-02-03 00:00:00+07:00,2097.98486328125,2115.764404296875,2053.535888671875,2062.42578125,25338687,0.0,0.0
2022-02-04 00:00:00+07:00,2053.535888671875,2071.3154296875,2017.9769287109375,2035.7564697265625,13746481,0.0,0.0
2022-02-07 00:00:00+07:00,2044.646240234375,2062.42578125,1991.3076171875,2009.087158203125,15500407,0.0,0.0
2022-02-08 00:00:00+07:00,2017.9769287109375,2026.86669921875,1955.74853515625,2000.1973876953125,22188772,0.0,0.0
2022-02-09 00:00:00+07:00,2000.1973876953125,2044.646240234375,2000.1973876953125,2044.646240234375,31885766,0.0,0.0
2022-02-10 00:00:00+07:00,2053.535888671875,2160.213134765625,2053.535888671875,2142.43359375,43011255,0.0,0.0
2022-02-11 00:00:00+07:00,2151.323486328125,2160.213134765625,2089.094970703125,2106.87451171875,30373465,0.0,0.0
2022-02-14 00:00:00+07:00,2106.87451171875,2115.764404296875,2026.86669921875,2035.7564697265625,31768665,0.0,0.0
2022-02-15 00:00:00+07:00,2035.7564697265625,2053.535888671875,2000.1973876953125,2009.087158203125,22664376,0.0,0.0
2022-02-16 00:00:00+07:00,2017.9769287109375,2053.535888671875,2009.087158203125,2053.535888671875,18246711,0.0,0.0
2022-02-17 00:00:00+07:00,2053.535888671875,2071.3154296875,2009.087158203125,2009.087158203125,13959872,0.0,0.0
2022-02-18 00:00:00+07:00,2009.087158203125,2026.86669921875,1964.6383056640625,2017.9769287109375,25606298,0.0,0.0
2022-02-21 00:00:00+07:00,2044.646240234375,2106.87451171875,2009.087158203125,2044.646240234375,33598859,0.0,0.0
2022-02-22 00:00:00+07:00,2035.7564697265625,2053.535888671875,1920.189453125,1946.8587646484375,19075417,0.0,0.0
2022-02-23 00:00:00+07:00,1946.8587646484375,1964.6383056640625,1920.189453125,1920.189453125,16927329,0.0,0.0
2022-02-24 00:00:00+07:00,1929.0792236328125,1955.74853515625,1813.51220703125,1911.2996826171875,26563691,0.0,0.0
2022-02-25 00:00:00+07:00,1902.409912109375,2000.1973876953125,1902.409912109375,2000.1973876953125,24571512,0.0,0.0
2022-03-01 00:00:00+07:00,2000.1973876953125,2053.535888671875,1920.189453125,2017.9769287109375,42558263,0.0,0.0
2022-03-02 00:00:00+07:00,2017.9769287109375,2035.7564697265625,2000.1973876953125,2009.087158203125,27282270,0.0,0.0
2022-03-04 00:00:00+07:00,2009.087158203125,2222.44140625,2009.087158203125,2062.42578125,75526397,0.0,0.0
2022-03-07 00:00:00+07:00,2080.205322265625,2089.094970703125,1920.189453125,1920.189453125,35795767,0.0,0.0
2022-03-08 00:00:00+07:00,1920.189453125,1929.0792236328125,1795.7327880859375,1875.7406005859375,33715960,0.0,0.0
2022-03-09 00:00:00+07:00,1875.7406005859375,1946.8587646484375,1875.7406005859375,1920.189453125,18851339,0.0,0.0
2022-03-10 00:00:00+07:00,1937.968994140625,1946.8587646484375,1893.5201416015625,1911.2996826171875,18389685,0.0,0.0
2022-03-11 00:00:00+07:00,1920.189453125,2009.087158203125,1920.189453125,1946.8587646484375,37519097,0.0,0.0
2022-03-14 00:00:00+07:00,2000.1973876953125,2000.1973876953125,1893.5201416015625,1955.74853515625,31257290,0.0,0.0
2022-03-15 00:00:00+07:00,1964.6383056640625,2106.87451171875,1964.6383056640625,1964.6383056640625,51682687,0.0,0.0
2022-03-16 00:00:00+07:00,1982.4178466796875,2053.535888671875,1973.528076171875,1982.4178466796875,33373769,0.0,0.0
2022-03-17 00:00:00+07:00,1982.4178466796875,2009.087158203125,1964.6383056640625,1973.528076171875,20956682,0.0,0.0
2022-03-18 00:00:00+07:00,1973.528076171875,1991.3076171875,1884.63037109375,1893.5201416015625,31674624,0.0,0.0
2022-03-21 00:00:00+07:00,1902.409912109375,1902.409912109375,1849.0712890625,1875.7406005859375,16040242,0.0,0.0
2022-03-22 00:00:00+07:00,1884.63037109375,1893.5201416015625,1849.0712890625,1866.850830078125,24445525,0.0,0.0
2022-03-23 00:00:00+07:00,1866.850830078125,1911.2996826171875,1857.9610595703125,1866.850830078125,24375782,0.0,0.0
2022-03-24 00:00:00+07:00,1866.850830078125,1893.5201416015625,1857.9610595703125,1884.63037109375,18851564,0.0,0.0
2022-03-25 00:00:00+07:00,1884.63037109375,1893.5201416015625,1849.0712890625,1875.7406005859375,16716525,0.0,0.0
2022-03-28 00:00:00+07:00,1875.7406005859375,1893.5201416015625,1857.9610595703125,1866.850830078125,13171212,0.0,0.0
2022-03-29 00:00:00+07:00,1875.7406005859375,1929.0792236328125,1875.7406005859375,1902.409912109375,24058563,0.0,0.0
2022-03-30 00:00:00+07:00,1911.2996826171875,1946.8587646484375,1893.5201416015625,1902.409912109375,20696945,0.0,0.0
2022-03-31 00:00:00+07:00,1911.2996826171875,1955.74853515625,1893.5201416015625,1929.0792236328125,18248961,0.0,0.0
2022-04-01 00:00:00+07:00,1937.968994140625,1955.74853515625,1866.850830078125,1884.63037109375,17605637,0.0,0.0
2022-04-04 00:00:00+07:00,1893.5201416015625,2017.9769287109375,1822.4019775390625,1982.4178466796875,39331068,0.0,0.0
2022-04-05 00:00:00+07:00,2000.1973876953125,2035.7564697265625,1893.5201416015625,2017.9769287109375,37334728,0.0,0.0
2022-04-06 00:00:00+07:00,2017.9769287109375,2293.5595703125,2009.087158203125,2231.331298828125,67956231,0.0,0.0
2022-04-07 00:00:00+07:00,2249.11083984375,2311.339111328125,2080.205322265625,2080.205322265625,55922394,0.0,0.0
2022-04-08 00:00:00+07:00,2035.7564697265625,2097.98486328125,1991.3076171875,2017.9769287109375,45933379,0.0,0.0
2022-04-11 00:00:00+07:00,2026.86669921875,2044.646240234375,1893.5201416015625,1911.2996826171875,35633108,0.0,0.0
2022-04-12 00:00:00+07:00,1946.8587646484375,1973.528076171875,1884.63037109375,1911.2996826171875,29074331,0.0,0.0
2022-04-13 00:00:00+07:00,1920.189453125,1955.74853515625,1902.409912109375,1920.189453125,15009618,0.0,0.0
2022-04-14 00:00:00+07:00,1929.0792236328125,1937.968994140625,1902.409912109375,1902.409912109375,17413169,0.0,0.0
2022-04-18 00:00:00+07:00,1911.2996826171875,1911.2996826171875,1866.850830078125,1866.850830078125,21283349,0.0,0.0
2022-04-19 00:00:00+07:00,1875.7406005859375,1884.63037109375,1866.850830078125,1866.850830078125,19550008,0.0,0.0
2022-04-20 00:00:00+07:00,1884.63037109375,1893.5201416015625,1849.0712890625,1866.850830078125,30843106,0.0,0.0
2022-04-21 00:00:00+07:00,1875.7406005859375,1902.409912109375,1875.7406005859375,1884.63037109375,15961387,0.0,0.0
2022-04-22 00:00:00+07:00,1893.5201416015625,1893.5201416015625,1840.1815185546875,1840.1815185546875,15857672,0.0,0.0
2022-04-25 00:00:00+07:00,1849.0712890625,1857.9610595703125,1804.62255859375,1804.62255859375,21107867,0.0,0.0
2022-04-26 00:00:00+07:00,1804.62255859375,1831.291748046875,1777.9532470703125,1777.9532470703125,18049631,0.0,0.0
2022-04-27 00:00:00+07:00,1786.843017578125,1804.62255859375,1769.0634765625,1786.843017578125,19403997,0.0,0.0
2022-04-28 00:00:00+07:00,1795.7327880859375,1804.62255859375,1786.843017578125,1795.7327880859375,12366017,0.0,0.0
2022-05-09 00:00:00+07:00,1795.7327880859375,1804.62255859375,1742.3941650390625,1751.283935546875,18280571,0.0,0.0
2022-05-10 00:00:00+07:00,1751.283935546875,1751.283935546875,1631.2720947265625,1729.0594482421875,17563904,0.0,0.0
2022-05-11 00:00:00+07:00,1729.0594482421875,1746.8389892578125,1706.8350830078125,1746.8389892578125,20875802,0.0,0.0
2022-05-12 00:00:00+07:00,1746.8389892578125,1746.8389892578125,1626.8271484375,1644.606689453125,22054798,0.0,0.0
2022-05-13 00:00:00+07:00,1640.161865234375,1640.161865234375,1533.484619140625,1537.9295654296875,15970724,0.0,0.0
2022-05-17 00:00:00+07:00,1511.26025390625,1555.7091064453125,1431.2523193359375,1555.7091064453125,28855990,0.0,0.0
2022-05-18 00:00:00+07:00,1750.0,1760.0,1690.0,1695.0,17128700,0.0,0.0
2022-05-19 00:00:00+07:00,1680.0,1960.0,1680.0,1895.0,44448700,0.0,0.0
2022-05-20 00:00:00+07:00,1905.0,1980.0,1845.0,1960.0,79769100,0.0,0.0
2022-05-23 00:00:00+07:00,1965.0,1995.0,1935.0,1940.0,20040400,0.0,0.0
2022-05-24 00:00:00+07:00,2200.0,2200.0,1950.0,1950.0,17843600,0.0,0.0
2022-05-25 00:00:00+07:00,1955.0,2010.0,1875.0,1910.0,47645200,0.0,0.0
2022-05-27 00:00:00+07:00,1900.0,1975.0,1880.0,1945.0,43258300,0.0,0.0
2022-05-30 00:00:00+07:00,1955.0,1995.0,1940.0,1985.0,23647700,0.0,0.0
2022-05-31 00:00:00+07:00,2030.0,2040.0,1955.0,1955.0,27277100,0.0,0.0
2022-06-02 00:00:00+07:00,1955.0,2050.0,1925.0,2020.0,32708800,0.0,0.0
2022-06-03 00:00:00+07:00,2030.0,2040.0,1960.0,2020.0,25424200,0.0,0.0
2022-06-06 00:00:00+07:00,2030.0,2040.0,1980.0,2030.0,24974200,0.0,0.0
2022-06-07 00:00:00+07:00,2030.0,2030.0,1970.0,1970.0,21836500,0.0,0.0
2022-06-08 00:00:00+07:00,1960.0,1990.0,1915.0,1970.0,24101800,0.0,0.0
2022-06-09 00:00:00+07:00,1990.0,2020.0,1965.0,2000.0,20700300,0.0,0.0
2022-06-10 00:00:00+07:00,2020.0,2020.0,1950.0,1975.0,22279800,0.0,0.0
2022-06-13 00:00:00+07:00,1975.0,2000.0,1935.0,1970.0,18858200,0.0,0.0
2022-06-14 00:00:00+07:00,1970.0,1970.0,1935.0,1950.0,19081000,0.0,0.0
2022-06-15 00:00:00+07:00,1950.0,1980.0,1900.0,1960.0,26145200,0.0,0.0
2022-06-16 00:00:00+07:00,1960.0,2040.0,1955.0,1990.0,39486000,0.0,0.0
2022-06-17 00:00:00+07:00,1995.0,1995.0,1920.0,1970.0,14951800,0.0,0.0
2022-06-20 00:00:00+07:00,1960.0,1970.0,1925.0,1960.0,18754200,0.0,0.0
2022-06-21 00:00:00+07:00,1960.0,2010.0,1935.0,2000.0,18529100,0.0,0.0
2022-06-22 00:00:00+07:00,2000.0,2010.0,1950.0,1970.0,17201700,0.0,0.0
2022-06-23 00:00:00+07:00,1970.0,1980.0,1925.0,1975.0,16138500,0.0,0.0
2022-06-24 00:00:00+07:00,1980.0,2030.0,1965.0,2000.0,23065100,0.0,0.0
2022-06-27 00:00:00+07:00,2000.0,2190.0,1995.0,2090.0,36879300,0.0,0.0
2022-06-28 00:00:00+07:00,2090.0,2130.0,1960.0,1970.0,14019500,0.0,0.0
2022-06-29 00:00:00+07:00,1970.0,2010.0,1910.0,1915.0,14719400,0.0,0.0
2022-06-30 00:00:00+07:00,1915.0,1925.0,1845.0,1915.0,23384500,0.0,0.0
2022-07-01 00:00:00+07:00,1895.0,2040.0,1870.0,1985.0,21470500,0.0,0.0
2022-07-04 00:00:00+07:00,2000.0,2000.0,1850.0,1900.0,22018300,0.0,0.0
2022-07-05 00:00:00+07:00,1915.0,1980.0,1895.0,1920.0,21124700,0.0,0.0
2022-07-06 00:00:00+07:00,1920.0,1945.0,1900.0,1930.0,26021500,0.0,0.0
2022-07-07 00:00:00+07:00,1950.0,1955.0,1920.0,1930.0,17506100,0.0,0.0
2022-07-08 00:00:00+07:00,1945.0,1975.0,1910.0,1910.0,24021800,0.0,0.0
2022-07-11 00:00:00+07:00,1920.0,1935.0,1915.0,1925.0,10295700,0.0,0.0
2022-07-12 00:00:00+07:00,1945.0,1960.0,1910.0,1925.0,20878600,0.0,0.0
2022-07-13 00:00:00+07:00,1925.0,1945.0,1900.0,1925.0,15836800,0.0,0.0
2022-07-14 00:00:00+07:00,1915.0,1915.0,1885.0,1895.0,21192600,0.0,0.0
2022-07-15 00:00:00+07:00,1895.0,1950.0,1875.0,1920.0,16620400,0.0,0.0
2022-07-18 00:00:00+07:00,1920.0,1935.0,1890.0,1915.0,22055700,0.0,0.0
2022-07-19 00:00:00+07:00,1915.0,1930.0,1870.0,1920.0,22430000,0.0,0.0
2022-07-20 00:00:00+07:00,1930.0,2000.0,1885.0,1945.0,21344300,0.0,0.0
2022-07-21 00:00:00+07:00,1960.0,1995.0,1910.0,1940.0,18515300,0.0,0.0
2022-07-22 00:00:00+07:00,1935.0,1945.0,1895.0,1915.0,16825700,0.0,0.0
2022-07-25 00:00:00+07:00,1915.0,1945.0,1885.0,1910.0,21469800,0.0,0.0
2022-07-26 00:00:00+07:00,1910.0,1950.0,1830.0,1830.0,21772700,0.0,0.0
2022-07-27 00:00:00+07:00,1855.0,1885.0,1800.0,1880.0,26496100,0.0,0.0
2022-07-28 00:00:00+07:00,1890.0,1910.0,1860.0,1880.0,17055600,0.0,0.0
2022-07-29 00:00:00+07:00,1890.0,1985.0,1880.0,1960.0,20097200,0.0,0.0
2022-08-01 00:00:00+07:00,1980.0,2050.0,1935.0,2000.0,34464600,0.0,0.0
2022-08-02 00:00:00+07:00,2000.0,2060.0,1935.0,1985.0,18242600,0.0,0.0
2022-08-03 00:00:00+07:00,1955.0,1965.0,1865.0,1935.0,21714500,0.0,0.0
2022-08-04 00:00:00+07:00,1935.0,1935.0,1825.0,1835.0,26158200,0.0,0.0
2022-08-05 00:00:00+07:00,1840.0,1865.0,1815.0,1850.0,23506100,0.0,0.0
2022-08-08 00:00:00+07:00,1855.0,1870.0,1835.0,1860.0,16782800,0.0,0.0
2022-08-09 00:00:00+07:00,1870.0,1870.0,1840.0,1850.0,16252700,0.0,0.0
2022-08-10 00:00:00+07:00,1850.0,1860.0,1830.0,1830.0,16211000,0.0,0.0
2022-08-11 00:00:00+07:00,1830.0,1850.0,1825.0,1840.0,15795500,0.0,0.0
2022-08-12 00:00:00+07:00,1840.0,1850.0,1815.0,1815.0,16945600,0.0,0.0
2022-08-15 00:00:00+07:00,1820.0,1860.0,1815.0,1830.0,19110300,0.0,0.0
2022-08-16 00:00:00+07:00,1830.0,1895.0,1830.0,1850.0,36841400,0.0,0.0
2022-08-18 00:00:00+07:00,1850.0,1870.0,1770.0,1785.0,19331700,0.0,0.0
2022-08-19 00:00:00+07:00,1790.0,1820.0,1740.0,1790.0,17626400,0.0,0.0
2022-08-22 00:00:00+07:00,1795.0,1825.0,1745.0,1755.0,19458800,0.0,0.0
2022-08-23 00:00:00+07:00,1755.0,1780.0,1725.0,1730.0,17578500,0.0,0.0
2022-08-24 00:00:00+07:00,1730.0,1750.0,1715.0,1740.0,16147500,0.0,0.0
2022-08-25 00:00:00+07:00,1740.0,1755.0,1715.0,1730.0,16013600,0.0,0.0
2022-08-26 00:00:00+07:00,1735.0,1750.0,1700.0,1735.0,16847400,0.0,0.0
2022-08-29 00:00:00+07:00,1710.0,1765.0,1700.0,1725.0,16614900,0.0,0.0
2022-08-30 00:00:00+07:00,1725.0,1760.0,1700.0,1720.0,16340600,0.0,0.0
2022-08-31 00:00:00+07:00,1720.0,1725.0,1685.0,1685.0,18026800,0.0,0.0
2022-09-01 00:00:00+07:00,1685.0,1715.0,1640.0,1690.0,17090000,0.0,0.0
2022-09-02 00:00:00+07:00,1690.0,1735.0,1645.0,1725.0,28684800,0.0,0.0
2022-09-05 00:00:00+07:00,1720.0,1740.0,1675.0,1725.0,17577000,0.0,0.0
2022-09-06 00:00:00+07:00,1725.0,1750.0,1695.0,1740.0,27054400,0.0,0.0
2022-09-07 00:00:00+07:00,1740.0,1750.0,1710.0,1745.0,22214600,0.0,0.0
2022-09-08 00:00:00+07:00,1745.0,1790.0,1725.0,1760.0,34460000,0.0,0.0
2022-09-09 00:00:00+07:00,1775.0,1835.0,1685.0,1685.0,25781600,0.0,0.0
2022-09-12 00:00:00+07:00,1710.0,1730.0,1625.0,1655.0,20279100,0.0,0.0
2022-09-13 00:00:00+07:00,1655.0,1680.0,1625.0,1650.0,29101200,0.0,0.0
2022-09-14 00:00:00+07:00,1650.0,1695.0,1630.0,1660.0,19262100,0.0,0.0
2022-09-15 00:00:00+07:00,1670.0,1795.0,1640.0,1745.0,43729300,0.0,0.0
2022-09-16 00:00:00+07:00,1745.0,1785.0,1640.0,1640.0,35874800,0.0,0.0
2022-09-19 00:00:00+07:00,1655.0,1655.0,1550.0,1610.0,37760300,0.0,0.0
2022-09-20 00:00:00+07:00,1610.0,1630.0,1575.0,1590.0,22007200,0.0,0.0
2022-09-21 00:00:00+07:00,1595.0,1595.0,1550.0,1565.0,16586800,0.0,0.0
2022-09-22 00:00:00+07:00,1565.0,1635.0,1505.0,1625.0,38155800,0.0,0.0
2022-09-23 00:00:00+07:00,1630.0,1710.0,1605.0,1660.0,24116400,0.0,0.0
2022-09-26 00:00:00+07:00,1660.0,1710.0,1635.0,1700.0,32625300,0.0,0.0
2022-09-27 00:00:00+07:00,1710.0,1710.0,1595.0,1610.0,19470300,0.0,0.0
2022-09-28 00:00:00+07:00,1610.0,1665.0,1585.0,1600.0,27214200,0.0,0.0
2022-09-29 00:00:00+07:00,1600.0,1610.0,1555.0,1580.0,39390100,0.0,0.0
2022-09-30 00:00:00+07:00,1580.0,1725.0,1550.0,1705.0,36611700,0.0,0.0
2022-10-03 00:00:00+07:00,1710.0,1715.0,1650.0,1655.0,16565700,0.0,0.0
2022-10-04 00:00:00+07:00,1655.0,1695.0,1625.0,1625.0,23249500,0.0,0.0
2022-10-05 00:00:00+07:00,1640.0,1650.0,1620.0,1630.0,15695300,0.0,0.0
2022-10-06 00:00:00+07:00,1630.0,1650.0,1605.0,1625.0,15694100,0.0,0.0
2022-10-07 00:00:00+07:00,1620.0,1675.0,1595.0,1655.0,17807900,0.0,0.0
2022-10-10 00:00:00+07:00,1670.0,1685.0,1610.0,1655.0,36238300,0.0,0.0
2022-10-11 00:00:00+07:00,1660.0,1710.0,1605.0,1670.0,29959700,0.0,0.0
2022-10-12 00:00:00+07:00,1670.0,1770.0,1650.0,1720.0,55460600,0.0,0.0
2022-10-13 00:00:00+07:00,1725.0,1730.0,1600.0,1605.0,20465900,0.0,0.0
2022-10-14 00:00:00+07:00,1610.0,1615.0,1495.0,1515.0,21393700,0.0,0.0
2022-10-17 00:00:00+07:00,1515.0,1530.0,1410.0,1415.0,19025000,0.0,0.0
2022-10-18 00:00:00+07:00,1415.0,1420.0,1320.0,1320.0,25544300,0.0,0.0
2022-10-19 00:00:00+07:00,1310.0,1355.0,1230.0,1335.0,49631000,0.0,0.0
2022-10-20 00:00:00+07:00,1345.0,1385.0,1245.0,1265.0,37192500,0.0,0.0
2022-10-21 00:00:00+07:00,1265.0,1270.0,1195.0,1230.0,31859100,0.0,0.0
2022-10-24 00:00:00+07:00,1230.0,1275.0,1195.0,1265.0,38642700,0.0,0.0
2022-10-25 00:00:00+07:00,1265.0,1355.0,1265.0,1305.0,55549100,0.0,0.0
2022-10-26 00:00:00+07:00,1320.0,1355.0,1240.0,1255.0,31799700,0.0,0.0
2022-10-27 00:00:00+07:00,1265.0,1305.0,1240.0,1260.0,30194200,0.0,0.0
2022-10-28 00:00:00+07:00,1260.0,1270.0,1180.0,1240.0,26097900,0.0,0.0
2022-10-31 00:00:00+07:00,1250.0,1320.0,1230.0,1320.0,28233300,0.0,0.0
2022-11-01 00:00:00+07:00,1320.0,1335.0,1235.0,1250.0,24073700,0.0,0.0
2022-11-02 00:00:00+07:00,1250.0,1295.0,1175.0,1225.0,40111800,0.0,0.0
2022-11-03 00:00:00+07:00,1250.0,1465.0,1250.0,1440.0,57267700,0.0,0.0
2022-11-04 00:00:00+07:00,1445.0,1465.0,1395.0,1410.0,40366500,0.0,0.0
2022-11-07 00:00:00+07:00,1410.0,1450.0,1360.0,1410.0,43350200,0.0,0.0
2022-11-08 00:00:00+07:00,1410.0,1415.0,1365.0,1365.0,33458100,0.0,0.0
2022-11-09 00:00:00+07:00,1365.0,1415.0,1320.0,1400.0,34334700,0.0,0.0
2022-11-10 00:00:00+07:00,1400.0,1555.0,1370.0,1500.0,73817800,0.0,0.0
2022-11-11 00:00:00+07:00,1500.0,1635.0,1430.0,1600.0,51389400,0.0,0.0
2022-11-14 00:00:00+07:00,1575.0,1660.0,1495.0,1495.0,28990500,0.0,0.0
2022-11-15 00:00:00+07:00,1500.0,1540.0,1440.0,1500.0,42229500,0.0,0.0
2022-11-16 00:00:00+07:00,1500.0,1505.0,1425.0,1425.0,18668000,0.0,0.0
2022-11-17 00:00:00+07:00,1425.0,1605.0,1410.0,1590.0,29114200,0.0,0.0
2022-11-18 00:00:00+07:00,1595.0,1660.0,1525.0,1525.0,58045700,0.0,0.0
2022-11-21 00:00:00+07:00,1525.0,1550.0,1445.0,1450.0,28984000,0.0,0.0
2022-11-22 00:00:00+07:00,1425.0,1490.0,1375.0,1385.0,25336100,0.0,0.0
2022-11-23 00:00:00+07:00,1410.0,1415.0,1345.0,1360.0,29477200,0.0,0.0
2022-11-24 00:00:00+07:00,1365.0,1515.0,1360.0,1515.0,47636300,0.0,0.0
2022-11-25 00:00:00+07:00,1515.0,1550.0,1470.0,1500.0,36588500,0.0,0.0
2022-11-28 00:00:00+07:00,1500.0,1570.0,1445.0,1495.0,34749900,0.0,0.0
2022-11-29 00:00:00+07:00,1495.0,1500.0,1395.0,1410.0,45386700,0.0,0.0
2022-11-30 00:00:00+07:00,1390.0,1425.0,1345.0,1425.0,36573300,0.0,0.0
2022-12-01 00:00:00+07:00,1400.0,1425.0,1345.0,1355.0,34786500,0.0,0.0
2022-12-02 00:00:00+07:00,1355.0,1380.0,1325.0,1360.0,27607400,0.0,0.0
2022-12-05 00:00:00+07:00,1360.0,1445.0,1350.0,1410.0,45019400,0.0,0.0
2022-12-06 00:00:00+07:00,1425.0,1430.0,1345.0,1365.0,23230200,0.0,0.0
2022-12-07 00:00:00+07:00,1365.0,1400.0,1330.0,1335.0,34973000,0.0,0.0
2022-12-08 00:00:00+07:00,1350.0,1360.0,1310.0,1360.0,26515300,0.0,0.0
2022-12-09 00:00:00+07:00,1360.0,1415.0,1325.0,1415.0,31796100,0.0,0.0
2022-12-12 00:00:00+07:00,1410.0,1530.0,1370.0,1430.0,47982500,0.0,0.0
2022-12-13 00:00:00+07:00,1440.0,1490.0,1380.0,1460.0,37047900,0.0,0.0
2022-12-14 00:00:00+07:00,1455.0,1505.0,1380.0,1450.0,34608500,0.0,0.0
2022-12-15 00:00:00+07:00,1450.0,1450.0,1350.0,1350.0,46406900,0.0,0.0
2022-12-16 00:00:00+07:00,1330.0,1420.0,1290.0,1420.0,44787800,0.0,0.0
2022-12-19 00:00:00+07:00,1420.0,1425.0,1380.0,1420.0,31561600,0.0,0.0
2022-12-20 00:00:00+07:00,1420.0,1440.0,1370.0,1410.0,111663500,0.0,0.0
2022-12-21 00:00:00+07:00,1415.0,1450.0,1380.0,1425.0,23232300,0.0,0.0
2022-12-22 00:00:00+07:00,1445.0,1600.0,1420.0,1600.0,72030400,0.0,0.0
2022-12-23 00:00:00+07:00,1600.0,1635.0,1530.0,1550.0,53369900,0.0,0.0
2022-12-26 00:00:00+07:00,1550.0,1560.0,1445.0,1445.0,32207900,0.0,0.0
2022-12-27 00:00:00+07:00,1405.0,1430.0,1345.0,1400.0,57879200,0.0,0.0
2022-12-28 00:00:00+07:00,1395.0,1405.0,1330.0,1390.0,31434300,0.0,0.0
2022-12-29 00:00:00+07:00,1390.0,1390.0,1350.0,1360.0,27243700,0.0,0.0
2022-12-30 00:00:00+07:00,1360.0,1435.0,1355.0,1415.0,40549100,0.0,0.0
2023-01-02 00:00:00+07:00,1420.0,1420.0,1370.0,1400.0,31852000,0.0,0.0
2023-01-03 00:00:00+07:00,1410.0,1410.0,1365.0,1395.0,28031400,0.0,0.0
2023-01-04 00:00:00+07:00,1395.0,1425.0,1380.0,1400.0,38253800,0.0,0.0
2023-01-05 00:00:00+07:00,1400.0,1405.0,1335.0,1335.0,17445100,0.0,0.0
2023-01-06 00:00:00+07:00,1335.0,1380.0,1320.0,1325.0,31367800,0.0,0.0
2023-01-09 00:00:00+07:00,1325.0,1370.0,1320.0,1345.0,17467900,0.0,0.0
2023-01-10 00:00:00+07:00,1350.0,1360.0,1320.0,1340.0,36006900,0.0,0.0
2023-01-11 00:00:00+07:00,1350.0,1355.0,1325.0,1335.0,40956400,0.0,0.0
2023-01-12 00:00:00+07:00,1335.0,1425.0,1335.0,1400.0,33954200,0.0,0.0
2023-01-13 00:00:00+07:00,1400.0,1420.0,1370.0,1380.0,22510300,0.0,0.0
2023-01-16 00:00:00+07:00,1380.0,1500.0,1380.0,1450.0,37737400,0.0,0.0
2023-01-17 00:00:00+07:00,1450.0,1485.0,1440.0,1440.0,43748900,0.0,0.0
2023-01-18 00:00:00+07:00,1440.0,1545.0,1440.0,1500.0,68602400,0.0,0.0
2023-01-19 00:00:00+07:00,1515.0,1535.0,1465.0,1470.0,53654600,0.0,0.0
2023-01-20 00:00:00+07:00,1470.0,1505.0,1440.0,1440.0,53176900,0.0,0.0
2023-01-24 00:00:00+07:00,1440.0,1465.0,1360.0,1380.0,29046500,0.0,0.0
2023-01-25 00:00:00+07:00,1380.0,1390.0,1325.0,1330.0,30689400,0.0,0.0
2023-01-26 00:00:00+07:00,1340.0,1350.0,1305.0,1330.0,29947200,0.0,0.0
2023-01-27 00:00:00+07:00,1335.0,1345.0,1325.0,1330.0,19125300,0.0,0.0
2023-01-30 00:00:00+07:00,1330.0,1340.0,1280.0,1295.0,19108800,0.0,0.0
2023-01-31 00:00:00+07:00,1295.0,1340.0,1290.0,1325.0,13135900,0.0,0.0
2023-02-01 00:00:00+07:00,1340.0,1360.0,1325.0,1340.0,24322000,0.0,0.0
2023-02-02 00:00:00+07:00,1345.0,1365.0,1340.0,1355.0,12068600,0.0,0.0
2023-02-03 00:00:00+07:00,1355.0,1415.0,1320.0,1350.0,31297800,0.0,0.0
2023-02-06 00:00:00+07:00,1330.0,1360.0,1305.0,1315.0,20013500,0.0,0.0
2023-02-07 00:00:00+07:00,1320.0,1325.0,1300.0,1310.0,24107200,0.0,0.0
2023-02-08 00:00:00+07:00,1315.0,1340.0,1295.0,1305.0,20273500,0.0,0.0
2023-02-09 00:00:00+07:00,1310.0,1330.0,1275.0,1315.0,23275300,0.0,0.0
2023-02-10 00:00:00+07:00,1320.0,1330.0,1300.0,1310.0,17396300,0.0,0.0
2023-02-13 00:00:00+07:00,1310.0,1335.0,1295.0,1300.0,12491700,0.0,0.0
2023-02-14 00:00:00+07:00,1300.0,1320.0,1300.0,1305.0,21237100,0.0,0.0
2023-02-15 00:00:00+07:00,1305.0,1330.0,1295.0,1315.0,12484600,0.0,0.0
2023-02-16 00:00:00+07:00,1315.0,1345.0,1305.0,1340.0,24520700,0.0,0.0
2023-02-17 00:00:00+07:00,1355.0,1355.0,1315.0,1320.0,12570400,0.0,0.0
2023-02-20 00:00:00+07:00,1325.0,1355.0,1310.0,1335.0,18715700,0.0,0.0
2023-02-21 00:00:00+07:00,1335.0,1365.0,1330.0,1360.0,22643700,0.0,0.0
2023-02-22 00:00:00+07:00,1345.0,1355.0,1305.0,1320.0,19763600,0.0,0.0
2023-02-23 00:00:00+07:00,1320.0,1330.0,1310.0,1310.0,16035800,0.0,0.0
2023-02-24 00:00:00+07:00,1310.0,1330.0,1300.0,1315.0,22980200,0.0,0.0
2023-02-27 00:00:00+07:00,1315.0,1330.0,1285.0,1295.0,16602100,0.0,0.0
2023-02-28 00:00:00+07:00,1295.0,1365.0,1295.0,1300.0,21497800,0.0,0.0
2023-03-01 00:00:00+07:00,1305.0,1325.0,1280.0,1295.0,24251300,0.0,0.0
2023-03-02 00:00:00+07:00,1295.0,1310.0,1285.0,1290.0,27469600,0.0,0.0
2023-03-03 00:00:00+07:00,1295.0,1305.0,1255.0,1255.0,16540200,0.0,0.0
2023-03-06 00:00:00+07:00,1255.0,1300.0,1235.0,1300.0,37980800,0.0,0.0
2023-03-07 00:00:00+07:00,1300.0,1300.0,1250.0,1250.0,16898400,0.0,0.0
2023-03-08 00:00:00+07:00,1260.0,1280.0,1250.0,1255.0,10912100,0.0,0.0
2023-03-09 00:00:00+07:00,1255.0,1275.0,1240.0,1240.0,16140900,0.0,0.0
2023-03-10 00:00:00+07:00,1235.0,1260.0,1195.0,1245.0,24961400,0.0,0.0
2023-03-13 00:00:00+07:00,1230.0,1245.0,1205.0,1230.0,11782900,0.0,0.0
2023-03-14 00:00:00+07:00,1230.0,1250.0,1180.0,1180.0,12687200,0.0,0.0
2023-03-15 00:00:00+07:00,1180.0,1215.0,1150.0,1170.0,28565300,0.0,0.0
2023-03-16 00:00:00+07:00,1165.0,1190.0,1120.0,1120.0,22613900,0.0,0.0
2023-03-17 00:00:00+07:00,1120.0,1220.0,1110.0,1220.0,25602100,0.0,0.0
2023-03-20 00:00:00+07:00,1220.0,1260.0,1180.0,1220.0,11849600,0.0,0.0
2023-03-21 00:00:00+07:00,1220.0,1250.0,1200.0,1225.0,23988700,0.0,0.0
2023-03-24 00:00:00+07:00,1225.0,1255.0,1195.0,1235.0,24333200,0.0,0.0
2023-03-27 00:00:00+07:00,1220.0,1260.0,1190.0,1210.0,12078200,0.0,0.0
2023-03-28 00:00:00+07:00,1210.0,1230.0,1185.0,1215.0,23354900,0.0,0.0
2023-03-29 00:00:00+07:00,1215.0,1250.0,1195.0,1225.0,17884900,0.0,0.0
2023-03-30 00:00:00+07:00,1240.0,1265.0,1190.0,1200.0,15339100,0.0,0.0
2023-03-31 00:00:00+07:00,1200.0,1205.0,1185.0,1200.0,14021700,0.0,0.0
2023-04-03 00:00:00+07:00,1195.0,1255.0,1195.0,1255.0,23167300,0.0,0.0
2023-04-04 00:00:00+07:00,1255.0,1315.0,1245.0,1275.0,20556700,0.0,0.0
2023-04-05 00:00:00+07:00,1285.0,1295.0,1220.0,1285.0,20359000,0.0,0.0
2023-04-06 00:00:00+07:00,1280.0,1370.0,1280.0,1355.0,36077600,0.0,0.0
2023-04-10 00:00:00+07:00,1355.0,1355.0,1265.0,1275.0,22681100,0.0,0.0
2023-04-11 00:00:00+07:00,1275.0,1350.0,1270.0,1340.0,17067700,0.0,0.0
2023-04-12 00:00:00+07:00,1345.0,1365.0,1300.0,1335.0,21527000,0.0,0.0
2023-04-13 00:00:00+07:00,1335.0,1370.0,1295.0,1345.0,17399300,0.0,0.0
2023-04-14 00:00:00+07:00,1345.0,1475.0,1345.0,1465.0,40467600,0.0,0.0
2023-04-17 00:00:00+07:00,1465.0,1475.0,1370.0,1410.0,15866900,0.0,0.0
2023-04-18 00:00:00+07:00,1410.0,1460.0,1380.0,1440.0,16445800,0.0,0.0
2023-04-26 00:00:00+07:00,1440.0,1495.0,1340.0,1435.0,30632300,0.0,0.0
2023-04-27 00:00:00+07:00,1425.0,1425.0,1355.0,1380.0,16019000,0.0,0.0
2023-04-28 00:00:00+07:00,1385.0,1445.0,1380.0,1400.0,19064300,0.0,0.0
2023-05-02 00:00:00+07:00,1400.0,1415.0,1365.0,1365.0,12286300,0.0,0.0
2023-05-03 00:00:00+07:00,1365.0,1365.0,1305.0,1315.0,19634400,0.0,0.0
2023-05-04 00:00:00+07:00,1310.0,1345.0,1300.0,1315.0,18897600,0.0,0.0
2023-05-05 00:00:00+07:00,1315.0,1420.0,1270.0,1380.0,24252000,0.0,0.0
2023-05-08 00:00:00+07:00,1385.0,1460.0,1380.0,1425.0,40706900,0.0,0.0
2023-05-09 00:00:00+07:00,1430.0,1450.0,1370.0,1390.0,16866300,0.0,0.0
2023-05-10 00:00:00+07:00,1390.0,1425.0,1375.0,1425.0,23146200,0.0,0.0
2023-05-11 00:00:00+07:00,1420.0,1440.0,1340.0,1345.0,14459300,0.0,0.0
2023-05-12 00:00:00+07:00,1330.0,1365.0,1330.0,1355.0,9306900,0.0,0.0
2023-05-15 00:00:00+07:00,1355.0,1355.0,1295.0,1305.0,11046900,0.0,0.0
2023-05-16 00:00:00+07:00,1305.0,1315.0,1275.0,1280.0,6482300,0.0,0.0
2023-05-17 00:00:00+07:00,1280.0,1300.0,1230.0,1235.0,18263500,0.0,0.0
2023-05-19 00:00:00+07:00,1235.0,1310.0,1235.0,1280.0,14604300,0.0,0.0
2023-05-22 00:00:00+07:00,1285.0,1305.0,1260.0,1300.0,15097700,0.0,0.0
2023-05-23 00:00:00+07:00,1300.0,1360.0,1285.0,1315.0,19160400,0.0,0.0
2023-05-24 00:00:00+07:00,1315.0,1385.0,1315.0,1355.0,14135300,0.0,0.0
2023-05-25 00:00:00+07:00,1355.0,1370.0,1275.0,1290.0,14326700,0.0,0.0
2023-05-26 00:00:00+07:00,1285.0,1315.0,1255.0,1275.0,12529900,0.0,0.0
2023-05-29 00:00:00+07:00,1275.0,1300.0,1255.0,1275.0,8600700,0.0,0.0
2023-05-30 00:00:00+07:00,1275.0,1315.0,1245.0,1285.0,13130700,0.0,0.0
2023-05-31 00:00:00+07:00,1290.0,1305.0,1260.0,1285.0,29588500,0.0,0.0
2023-06-05 00:00:00+07:00,1280.0,1320.0,1265.0,1305.0,14896500,0.0,0.0
2023-06-06 00:00:00+07:00,1320.0,1355.0,1295.0,1355.0,13113500,0.0,0.0
2023-06-07 00:00:00+07:00,1350.0,1355.0,1305.0,1320.0,9630800,0.0,0.0
2023-06-08 00:00:00+07:00,1330.0,1330.0,1285.0,1310.0,10058000,0.0,0.0
2023-06-09 00:00:00+07:00,1310.0,1435.0,1310.0,1420.0,20609400,0.0,0.0
2023-06-12 00:00:00+07:00,1420.0,1480.0,1410.0,1425.0,17004100,0.0,0.0
2023-06-13 00:00:00+07:00,1425.0,1430.0,1355.0,1355.0,10129800,0.0,0.0
2023-06-14 00:00:00+07:00,1355.0,1355.0,1290.0,1315.0,8269400,0.0,0.0
2023-06-15 00:00:00+07:00,1315.0,1320.0,1275.0,1285.0,9661900,0.0,0.0
2023-06-16 00:00:00+07:00,1290.0,1295.0,1250.0,1270.0,9727800,0.0,0.0
2023-06-19 00:00:00+07:00,1270.0,1275.0,1205.0,1205.0,15116200,0.0,0.0
2023-06-20 00:00:00+07:00,1205.0,1205.0,1165.0,1165.0,11556000,0.0,0.0
2023-06-21 00:00:00+07:00,1165.0,1200.0,1135.0,1195.0,13920500,0.0,0.0
2023-06-22 00:00:00+07:00,1200.0,1235.0,1195.0,1205.0,10193700,0.0,0.0
2023-06-23 00:00:00+07:00,1205.0,1235.0,1180.0,1215.0,36617300,0.0,0.0
2023-06-26 00:00:00+07:00,1215.0,1245.0,1215.0,1235.0,12523700,0.0,0.0
2023-06-27 00:00:00+07:00,1235.0,1255.0,1170.0,1225.0,11368100,0.0,0.0
2023-07-03 00:00:00+07:00,1225.0,1245.0,1210.0,1220.0,6431700,0.0,0.0
2023-07-04 00:00:00+07:00,1235.0,1270.0,1205.0,1265.0,14935900,0.0,0.0
2023-07-05 00:00:00+07:00,1265.0,1285.0,1250.0,1265.0,13961800,0.0,0.0
2023-07-06 00:00:00+07:00,1275.0,1290.0,1225.0,1265.0,15223100,0.0,0.0
2023-07-07 00:00:00+07:00,1255.0,1275.0,1245.0,1245.0,5644900,0.0,0.0
2023-07-10 00:00:00+07:00,1245.0,1285.0,1240.0,1285.0,10184700,0.0,0.0
2023-07-11 00:00:00+07:00,1290.0,1295.0,1220.0,1220.0,9891600,0.0,0.0
2023-07-12 00:00:00+07:00,1215.0,1245.0,1205.0,1205.0,11745100,0.0,0.0
2023-07-13 00:00:00+07:00,1215.0,1275.0,1210.0,1270.0,16948400,0.0,0.0
2023-07-14 00:00:00+07:00,1275.0,1325.0,1265.0,1320.0,16753100,0.0,0.0
2023-07-17 00:00:00+07:00,1335.0,1365.0,1300.0,1345.0,14390300,0.0,0.0
2023-07-18 00:00:00+07:00,1345.0,1360.0,1300.0,1300.0,9192900,0.0,0.0
2023-07-20 00:00:00+07:00,1305.0,1345.0,1285.0,1335.0,14209000,0.0,0.0
2023-07-21 00:00:00+07:00,1340.0,1380.0,1330.0,1335.0,10424200,0.0,0.0
2023-07-24 00:00:00+07:00,1335.0,1345.0,1300.0,1310.0,11504500,0.0,0.0
2023-07-25 00:00:00+07:00,1310.0,1380.0,1300.0,1345.0,17415200,0.0,0.0
2023-07-26 00:00:00+07:00,1345.0,1350.0,1315.0,1325.0,12237900,0.0,0.0
2023-07-27 00:00:00+07:00,1320.0,1350.0,1295.0,1295.0,10958500,0.0,0.0
2023-07-28 00:00:00+07:00,1295.0,1300.0,1240.0,1300.0,13024800,0.0,0.0
2023-07-31 00:00:00+07:00,1305.0,1315.0,1240.0,1270.0,11680000,0.0,0.0
2023-08-01 00:00:00+07:00,1270.0,1300.0,1250.0,1265.0,13117800,0.0,0.0
2023-08-02 00:00:00+07:00,1280.0,1290.0,1225.0,1240.0,7225300,0.0,0.0
2023-08-03 00:00:00+07:00,1240.0,1255.0,1210.0,1245.0,17650600,0.0,0.0
2023-08-04 00:00:00+07:00,1245.0,1280.0,1210.0,1210.0,12499800,0.0,0.0
2023-08-07 00:00:00+07:00,1215.0,1225.0,1185.0,1205.0,9710600,0.0,0.0
2023-08-08 00:00:00+07:00,1225.0,1240.0,1190.0,1215.0,12278600,0.0,0.0
2023-08-09 00:00:00+07:00,1225.0,1230.0,1195.0,1205.0,11678100,0.0,0.0
2023-08-10 00:00:00+07:00,1220.0,1240.0,1200.0,1215.0,11523300,0.0,0.0
2023-08-11 00:00:00+07:00,1225.0,1235.0,1200.0,1210.0,7116900,0.0,0.0
2023-08-14 00:00:00+07:00,1215.0,1255.0,1185.0,1250.0,22846500,0.0,0.0
2023-08-15 00:00:00+07:00,1255.0,1260.0,1225.0,1235.0,10096600,0.0,0.0
2023-08-16 00:00:00+07:00,1245.0,1250.0,1205.0,1235.0,18754300,0.0,0.0
2023-08-18 00:00:00+07:00,1240.0,1250.0,1230.0,1235.0,8902700,0.0,0.0
2023-08-21 00:00:00+07:00,1235.0,1280.0,1230.0,1240.0,6737600,0.0,0.0
2023-08-22 00:00:00+07:00,1245.0,1255.0,1220.0,1230.0,17335200,0.0,0.0
2023-08-23 00:00:00+07:00,1230.0,1260.0,1230.0,1255.0,8265500,0.0,0.0
2023-08-24 00:00:00+07:00,1255.0,1260.0,1230.0,1235.0,7868800,0.0,0.0
2023-08-25 00:00:00+07:00,1240.0,1240.0,1205.0,1215.0,22824500,0.0,0.0
2023-08-28 00:00:00+07:00,1220.0,1230.0,1210.0,1215.0,6008400,0.0,0.0
2023-08-29 00:00:00+07:00,1230.0,1235.0,1215.0,1220.0,7784900,0.0,0.0
2023-08-30 00:00:00+07:00,1220.0,1235.0,1210.0,1230.0,18431400,0.0,0.0
2023-08-31 00:00:00+07:00,1220.0,1235.0,1195.0,1195.0,15722900,0.0,0.0
2023-09-01 00:00:00+07:00,1195.0,1200.0,1180.0,1195.0,11232800,0.0,0.0
2023-09-04 00:00:00+07:00,1185.0,1200.0,1185.0,1185.0,8944800,0.0,0.0
2023-09-05 00:00:00+07:00,1190.0,1195.0,1180.0,1185.0,11289700,0.0,0.0
2023-09-06 00:00:00+07:00,1190.0,1205.0,1180.0,1180.0,11506000,0.0,0.0
2023-09-07 00:00:00+07:00,1180.0,1190.0,1165.0,1175.0,7472200,0.0,0.0
2023-09-08 00:00:00+07:00,1175.0,1175.0,1130.0,1130.0,11283300,0.0,0.0
2023-09-11 00:00:00+07:00,1130.0,1145.0,1120.0,1130.0,10549500,0.0,0.0
2023-09-12 00:00:00+07:00,1140.0,1140.0,1115.0,1115.0,12149400,0.0,0.0
2023-09-13 00:00:00+07:00,1115.0,1135.0,1035.0,1060.0,20903700,0.0,0.0
2023-09-14 00:00:00+07:00,1060.0,1135.0,1060.0,1095.0,22824600,0.0,0.0
2023-09-15 00:00:00+07:00,1110.0,1120.0,1090.0,1090.0,7801100,0.0,0.0
2023-09-18 00:00:00+07:00,1090.0,1150.0,1090.0,1120.0,10726200,0.0,0.0
2023-09-19 00:00:00+07:00,1120.0,1125.0,1050.0,1080.0,11345600,0.0,0.0
2023-09-20 00:00:00+07:00,1080.0,1105.0,1065.0,1090.0,14533400,0.0,0.0
2023-09-21 00:00:00+07:00,1090.0,1100.0,1055.0,1095.0,16812300,0.0,0.0
2023-09-22 00:00:00+07:00,1095.0,1100.0,1060.0,1080.0,53774400,0.0,0.0
2023-09-25 00:00:00+07:00,1080.0,1115.0,1080.0,1100.0,12788800,0.0,0.0
2023-09-26 00:00:00+07:00,1100.0,1110.0,1075.0,1090.0,11417900,0.0,0.0
2023-09-27 00:00:00+07:00,1090.0,1115.0,1075.0,1090.0,10325700,0.0,0.0
2023-09-29 00:00:00+07:00,1085.0,1125.0,1070.0,1075.0,11926200,0.0,0.0
2023-10-02 00:00:00+07:00,1070.0,1075.0,1035.0,1045.0,14512600,0.0,0.0
2023-10-03 00:00:00+07:00,1040.0,1075.0,1020.0,1050.0,16212000,0.0,0.0
2023-10-04 00:00:00+07:00,1045.0,1085.0,1030.0,1055.0,15403000,0.0,0.0
2023-10-05 00:00:00+07:00,1055.0,1070.0,1000.0,1065.0,17171800,0.0,0.0
2023-10-06 00:00:00+07:00,1055.0,1065.0,1025.0,1055.0,9764400,0.0,0.0
2023-10-09 00:00:00+07:00,1065.0,1090.0,1040.0,1055.0,12242300,0.0,0.0
2023-10-10 00:00:00+07:00,1055.0,1080.0,1045.0,1045.0,12725500,0.0,0.0
2023-10-11 00:00:00+07:00,1060.0,1070.0,1035.0,1060.0,10169100,0.0,0.0
2023-10-12 00:00:00+07:00,1040.0,1070.0,1030.0,1030.0,10087100,0.0,0.0
2023-10-13 00:00:00+07:00,1030.0,1045.0,1015.0,1025.0,9389600,0.0,0.0
2023-10-16 00:00:00+07:00,1025.0,1040.0,1005.0,1010.0,6686300,0.0,0.0
2023-10-17 00:00:00+07:00,1010.0,1030.0,1005.0,1020.0,14709800,0.0,0.0
2023-10-18 00:00:00+07:00,1030.0,1030.0,1000.0,1005.0,15120000,0.0,0.0
2023-10-19 00:00:00+07:00,1010.0,1020.0,995.0,1010.0,16910600,0.0,0.0
2023-10-20 00:00:00+07:00,1020.0,1025.0,985.0,1020.0,12926900,0.0,0.0
2023-10-23 00:00:00+07:00,1020.0,1070.0,1000.0,1045.0,18081600,0.0,0.0
2023-10-24 00:00:00+07:00,1050.0,1075.0,1035.0,1050.0,13839900,0.0,0.0
2023-10-25 00:00:00+07:00,1070.0,1070.0,1025.0,1025.0,13522300,0.0,0.0
2023-10-26 00:00:00+07:00,1035.0,1040.0,1010.0,1015.0,15249400,0.0,0.0
2023-10-27 00:00:00+07:00,1015.0,1020.0,930.0,1015.0,13162400,0.0,0.0
2023-10-30 00:00:00+07:00,1015.0,1025.0,990.0,1000.0,9296300,0.0,0.0
2023-10-31 00:00:00+07:00,1005.0,1050.0,1000.0,1040.0,21559700,0.0,0.0
2023-11-01 00:00:00+07:00,1040.0,1045.0,1010.0,1035.0,12224300,0.0,0.0
2023-11-02 00:00:00+07:00,1015.0,1060.0,1015.0,1025.0,17684700,0.0,0.0
2023-11-03 00:00:00+07:00,1030.0,1095.0,1030.0,1095.0,20775400,0.0,0.0
2023-11-06 00:00:00+07:00,1100.0,1130.0,1070.0,1130.0,20239800,0.0,0.0
2023-11-07 00:00:00+07:00,1130.0,1130.0,1020.0,1020.0,14486400,0.0,0.0
2023-11-08 00:00:00+07:00,1010.0,1030.0,1005.0,1015.0,9587000,0.0,0.0
2023-11-09 00:00:00+07:00,975.0,1045.0,975.0,1030.0,12637400,0.0,0.0
2023-11-10 00:00:00+07:00,1035.0,1035.0,1010.0,1015.0,11044900,0.0,0.0
2023-11-13 00:00:00+07:00,1010.0,1035.0,1005.0,1035.0,9613300,0.0,0.0
2023-11-14 00:00:00+07:00,1045.0,1045.0,1010.0,1020.0,14298600,0.0,0.0
2023-11-15 00:00:00+07:00,1025.0,1050.0,1020.0,1020.0,9849700,0.0,0.0
2023-11-16 00:00:00+07:00,1040.0,1040.0,1025.0,1025.0,10326900,0.0,0.0
2023-11-17 00:00:00+07:00,1030.0,1030.0,1020.0,1025.0,8112400,0.0,0.0
2023-11-20 00:00:00+07:00,1025.0,1035.0,1020.0,1035.0,6795400,0.0,0.0
2023-11-21 00:00:00+07:00,1035.0,1050.0,1025.0,1030.0,9409800,0.0,0.0
2023-11-22 00:00:00+07:00,1030.0,1045.0,1015.0,1020.0,6160400,0.0,0.0
2023-11-23 00:00:00+07:00,1030.0,1090.0,1025.0,1090.0,23947200,0.0,0.0
2023-11-24 00:00:00+07:00,1090.0,1125.0,1045.0,1105.0,20675600,0.0,0.0
2023-11-27 00:00:00+07:00,1105.0,1130.0,1065.0,1080.0,15228900,0.0,0.0
2023-11-28 00:00:00+07:00,1085.0,1090.0,1050.0,1085.0,45914700,0.0,0.0
2023-11-29 00:00:00+07:00,1085.0,1100.0,1055.0,1075.0,11721900,0.0,0.0
2023-11-30 00:00:00+07:00,1075.0,1100.0,1035.0,1080.0,17270600,0.0,0.0
2023-12-01 00:00:00+07:00,1075.0,1090.0,1050.0,1080.0,15781100,0.0,0.0
2023-12-04 00:00:00+07:00,1080.0,1100.0,1070.0,1090.0,10895200,0.0,0.0
2023-12-05 00:00:00+07:00,1090.0,1230.0,1070.0,1200.0,27559400,0.0,0.0
2023-12-06 00:00:00+07:00,1200.0,1225.0,1150.0,1165.0,10846000,0.0,0.0
2023-12-07 00:00:00+07:00,1170.0,1190.0,1120.0,1155.0,7503200,0.0,0.0
2023-12-08 00:00:00+07:00,1155.0,1205.0,1080.0,1100.0,12671300,0.0,0.0
2023-12-11 00:00:00+07:00,1100.0,1120.0,1065.0,1095.0,9061500,0.0,0.0
2023-12-12 00:00:00+07:00,1100.0,1250.0,1100.0,1220.0,29415800,0.0,0.0
2023-12-13 00:00:00+07:00,1230.0,1235.0,1145.0,1145.0,14334600,0.0,0.0
2023-12-14 00:00:00+07:00,1150.0,1195.0,1135.0,1135.0,13097100,0.0,0.0
2023-12-15 00:00:00+07:00,1120.0,1185.0,1110.0,1135.0,9534100,0.0,0.0
2023-12-18 00:00:00+07:00,1150.0,1180.0,1105.0,1130.0,11327200,0.0,0.0
2023-12-19 00:00:00+07:00,1130.0,1175.0,1125.0,1135.0,9225300,0.0,0.0
2023-12-20 00:00:00+07:00,1140.0,1145.0,1110.0,1120.0,7771000,0.0,0.0
2023-12-21 00:00:00+07:00,1140.0,1160.0,1095.0,1105.0,7582700,0.0,0.0
2023-12-22 00:00:00+07:00,1105.0,1130.0,1055.0,1060.0,41206400,0.0,0.0
2023-12-27 00:00:00+07:00,1060.0,1110.0,1055.0,1085.0,18540000,0.0,0.0
2023-12-28 00:00:00+07:00,1085.0,1115.0,1065.0,1105.0,12435500,0.0,0.0
2023-12-29 00:00:00+07:00,1105.0,1240.0,1090.0,1240.0,22015600,0.0,0.0
2024-01-02 00:00:00+07:00,1235.0,1235.0,1140.0,1160.0,11897300,0.0,0.0
2024-01-03 00:00:00+07:00,1165.0,1240.0,1135.0,1215.0,21335900,0.0,0.0
2024-01-04 00:00:00+07:00,1200.0,1240.0,1190.0,1240.0,12400700,0.0,0.0
2024-01-05 00:00:00+07:00,1240.0,1370.0,1210.0,1360.0,32557600,0.0,0.0
2024-01-08 00:00:00+07:00,1360.0,1395.0,1300.0,1390.0,16327600,0.0,0.0
2024-01-09 00:00:00+07:00,1385.0,1405.0,1290.0,1360.0,12898300,0.0,0.0
2024-01-10 00:00:00+07:00,1360.0,1420.0,1335.0,1345.0,15051200,0.0,0.0
2024-01-11 00:00:00+07:00,1345.0,1365.0,1270.0,1345.0,14767300,0.0,0.0
2024-01-12 00:00:00+07:00,1345.0,1345.0,1235.0,1285.0,17801500,0.0,0.0
2024-01-15 00:00:00+07:00,1285.0,1285.0,1285.0,1285.0,0,0.0,0.0
2024-01-16 00:00:00+07:00,1330.0,1340.0,1285.0,1315.0,18466900,0.0,0.0
2024-01-17 00:00:00+07:00,1300.0,1345.0,1290.0,1325.0,15246100,0.0,0.0
2024-01-18 00:00:00+07:00,1345.0,1365.0,1320.0,1355.0,15637100,0.0,0.0
2024-01-19 00:00:00+07:00,1355.0,1390.0,1205.0,1205.0,14636800,0.0,0.0
2024-01-22 00:00:00+07:00,1205.0,1280.0,1200.0,1270.0,7922700,0.0,0.0
2024-01-23 00:00:00+07:00,1270.0,1280.0,1210.0,1220.0,7450900,0.0,0.0
2024-01-24 00:00:00+07:00,1220.0,1220.0,1100.0,1100.0,10373400,0.0,0.0
2024-01-25 00:00:00+07:00,1100.0,1155.0,1090.0,1125.0,3734000,0.0,0.0
2024-01-26 00:00:00+07:00,1125.0,1135.0,1060.0,1070.0,2516700,0.0,0.0
2024-01-29 00:00:00+07:00,1060.0,1110.0,1020.0,1070.0,7734100,0.0,0.0
2024-01-30 00:00:00+07:00,1075.0,1090.0,1025.0,1035.0,6579900,0.0,0.0
2024-01-31 00:00:00+07:00,1045.0,1055.0,1015.0,1050.0,3117500,0.0,0.0
2024-02-01 00:00:00+07:00,1050.0,1050.0,1030.0,1040.0,779000,0.0,0.0
2024-02-02 00:00:00+07:00,1045.0,1050.0,1020.0,1045.0,519100,0.0,0.0
2024-02-05 00:00:00+07:00,1045.0,1045.0,1025.0,1035.0,1193900,0.0,0.0
2024-02-06 00:00:00+07:00,1035.0,1085.0,1025.0,1075.0,6840100,0.0,0.0
2024-02-07 00:00:00+07:00,1075.0,1105.0,1060.0,1060.0,2486700,0.0,0.0
2024-02-12 00:00:00+07:00,1050.0,1150.0,1040.0,1115.0,3772900,0.0,0.0
2024-02-13 00:00:00+07:00,1115.0,1140.0,1085.0,1105.0,1841000,0.0,0.0
2024-02-15 00:00:00+07:00,1105.0,1140.0,1100.0,1100.0,4185800,0.0,0.0
2024-02-16 00:00:00+07:00,1120.0,1145.0,1100.0,1100.0,2176200,0.0,0.0
2024-02-19 00:00:00+07:00,1100.0,1100.0,1025.0,1040.0,6764500,0.0,0.0
2024-02-20 00:00:00+07:00,1040.0,1075.0,1040.0,1070.0,2364500,0.0,0.0
2024-02-21 00:00:00+07:00,1120.0,1120.0,1050.0,1055.0,1375900,0.0,0.0
2024-02-22 00:00:00+07:00,1075.0,1085.0,1060.0,1085.0,890600,0.0,0.0
2024-02-23 00:00:00+07:00,1065.0,1090.0,1015.0,1065.0,1783200,0.0,0.0
2024-02-26 00:00:00+07:00,1065.0,1080.0,1050.0,1060.0,4199500,0.0,0.0
2024-02-27 00:00:00+07:00,1060.0,1070.0,1050.0,1070.0,550600,0.0,0.0
2024-02-28 00:00:00+07:00,1070.0,1075.0,1055.0,1065.0,2338200,0.0,0.0
2024-02-29 00:00:00+07:00,1050.0,1070.0,1050.0,1070.0,13826100,0.0,0.0
2024-03-01 00:00:00+07:00,1070.0,1080.0,1050.0,1055.0,893500,0.0,0.0
2024-03-04 00:00:00+07:00,1060.0,1070.0,1055.0,1065.0,2775500,0.0,0.0
2024-03-05 00:00:00+07:00,1080.0,1080.0,980.0,980.0,6707000,0.0,0.0
2024-03-06 00:00:00+07:00,1000.0,1000.0,960.0,980.0,925400,0.0,0.0
2024-03-07 00:00:00+07:00,985.0,1000.0,975.0,985.0,404300,0.0,0.0
2024-03-08 00:00:00+07:00,985.0,1000.0,985.0,990.0,270300,0.0,0.0
2024-03-13 00:00:00+07:00,990.0,995.0,980.0,980.0,393400,0.0,0.0
2024-03-14 00:00:00+07:00,980.0,1000.0,970.0,1000.0,1006300,0.0,0.0
2024-03-15 00:00:00+07:00,995.0,1000.0,980.0,990.0,1419800,0.0,0.0
2024-03-18 00:00:00+07:00,985.0,990.0,975.0,990.0,301400,0.0,0.0
2024-03-19 00:00:00+07:00,990.0,995.0,975.0,975.0,186500,0.0,0.0
2024-03-20 00:00:00+07:00,985.0,985.0,975.0,980.0,158100,0.0,0.0
2024-03-21 00:00:00+07:00,980.0,990.0,975.0,980.0,340000,0.0,0.0
2024-03-22 00:00:00+07:00,980.0,995.0,975.0,995.0,328700,0.0,0.0
2024-03-25 00:00:00+07:00,995.0,995.0,995.0,995.0,0,0.0,0.0
2024-03-26 00:00:00+07:00,995.0,995.0,995.0,995.0,0,0.0,0.0
2024-03-27 00:00:00+07:00,985.0,1000.0,985.0,990.0,282200,0.0,0.0
2024-03-28 00:00:00+07:00,990.0,1075.0,970.0,1075.0,1956400,0.0,0.0
2024-04-01 00:00:00+07:00,1070.0,1075.0,980.0,990.0,762500,0.0,0.0
2024-04-02 00:00:00+07:00,995.0,1030.0,995.0,1030.0,814300,0.0,0.0
2024-04-03 00:00:00+07:00,1030.0,1030.0,1000.0,1000.0,413800,0.0,0.0
2024-04-04 00:00:00+07:00,1000.0,1010.0,980.0,980.0,564000,0.0,0.0
2024-04-05 00:00:00+07:00,980.0,1000.0,970.0,1000.0,1165900,0.0,0.0
2024-04-16 00:00:00+07:00,1000.0,1000.0,980.0,980.0,466900,0.0,0.0
2024-04-17 00:00:00+07:00,985.0,985.0,950.0,955.0,1522800,0.0,0.0
2024-04-18 00:00:00+07:00,955.0,990.0,950.0,990.0,1557700,0.0,0.0
